INSERT INTO Firms(Id, Name) VALUES 
	('3D4E5F82-4D89-4620-8023-9E90473B8C2D', N'АТ Маркетолог'), 
	('48F0708A-11D4-4648-9AC7-12A1FFF5E1E7', N'ФОП Торговенко'),
	('6D2A6A6A-488E-488B-8D2F-C77F1B3416A3', N'Smart Store LLC'),
	('1EA7D698-924B-47DF-B574-88F4F71306E6', N'АТ Крамниця'),
	('50CAAD3A-5055-4B94-90CE-72886CC9D5B0', N'ТОВ Скарбниця'),
	('4E96D0A1-2BA9-411A-AFD7-27BCEB862C93', N'Everyday Essentials LLC'),
	('FB1286A8-2D7F-436B-BEE1-8FADAAAF104B', N'ПАТ Ваша Знижка'),
	('C6D1EE0E-CB5B-4B13-96A9-F87714A27C2A', N'MultiUse Market JSC'),
	('8CEF13DC-8CCD-4EF9-AC39-3B1F4860A2E5', N'Prime Goods LLC'),
	('931DFB69-EDFA-4FE8-8C7D-1EDD00D22498', N'EcoResale JSC');

INSERT INTO Employees(Id, FirmId, Birthdate, Name) VALUES 
	('F26D87CB-3993-469E-93A5-CE2C3DA12336', '3D4E5F82-4D89-4620-8023-9E90473B8C2D', '1972-11-06', N'Філіпенко Полель'),
	('35AC3AB8-BF58-4291-B671-FF2F118893C3', '48F0708A-11D4-4648-9AC7-12A1FFF5E1E7', '1976-09-01', N'Косьяненко Пор'),
	('205A8FF3-CFEA-4067-80CF-E5667BAC231C', '6D2A6A6A-488E-488B-8D2F-C77F1B3416A3', '1977-02-04', N'Ус Шарлота'),
	('D636F812-B2EF-4D1E-AEB6-63D240A6A5CE', '1EA7D698-924B-47DF-B574-88F4F71306E6', '1977-07-07', N'Їжакевич Цвітана'),
	('3920757E-6AED-465D-8D02-3F48F974B1C9', '50CAAD3A-5055-4B94-90CE-72886CC9D5B0', '1979-08-13', N'Громницький Людомил'),
	('097A2029-DCE9-42F9-8E3F-57802930426E', '4E96D0A1-2BA9-411A-AFD7-27BCEB862C93', '1981-01-22', N'Адамчук Еразм'),
	('3FB7A910-D37B-4363-89A5-150BC7199F5E', 'FB1286A8-2D7F-436B-BEE1-8FADAAAF104B', '1984-06-20', N'Біба Ус'),
	('8759EE27-37C9-4CEB-B931-A548F17F4C37', 'C6D1EE0E-CB5B-4B13-96A9-F87714A27C2A', '1984-09-18', N'Гринчак Доморад'),
	('76F2594C-A006-44B3-AFAA-FFCFA0159C2D', '8CEF13DC-8CCD-4EF9-AC39-3B1F4860A2E5', '1985-09-05', N'Юрченко Параскевія'),
	('841F06FE-3264-4BC3-BEEF-8FA92CEE2293', '931DFB69-EDFA-4FE8-8C7D-1EDD00D22498', '1988-01-01', N'Якобовський Мстивой'),
	('6C1AE71E-85E0-4408-9552-45331A4E5BD1', '3D4E5F82-4D89-4620-8023-9E90473B8C2D', '1988-08-30', N'Шапаренко Шаміль'),
	('82F8DBA2-1858-4E1A-ABD2-A59DF6965F9D', '48F0708A-11D4-4648-9AC7-12A1FFF5E1E7', '1989-08-16', N'Устиянович Улита'),
	('6F7632EB-55AB-4E3C-A326-2A042E2D4627', '6D2A6A6A-488E-488B-8D2F-C77F1B3416A3', '1996-07-31', N'Щаслива Цецілія'),
	('D9B7F2A3-ECB8-4FAF-9956-C69C8E00597C', '1EA7D698-924B-47DF-B574-88F4F71306E6', '1996-09-18', N'Полтавець Квітка'),
	('CE1955CE-A251-4EB6-AC90-664624193D34', '50CAAD3A-5055-4B94-90CE-72886CC9D5B0', '1997-12-31', N'Ірванець Немира'),
	('7CCBBC76-ADC1-40E9-8787-FC0A7FA4B2F4', '4E96D0A1-2BA9-411A-AFD7-27BCEB862C93', '1998-03-27', N'Ерстенюк Дарина'),
	('3FFC8F03-AA6E-4FEA-B83A-9791D2BF8EA3', 'FB1286A8-2D7F-436B-BEE1-8FADAAAF104B', '2000-11-09', N'Жевченко Цвітана'),
	('2E8F2133-1A01-42DC-AEFD-A3A651510108', 'C6D1EE0E-CB5B-4B13-96A9-F87714A27C2A', '2001-08-17', N'Яремко Яр'),
	('0993DE6F-0509-4C57-98BE-A27CF201D6E4', '8CEF13DC-8CCD-4EF9-AC39-3B1F4860A2E5', '2004-06-24', N'Ярова Бажана'),
	('98AF6726-7943-4DE4-8AA7-8D91ECCA74FF', '931DFB69-EDFA-4FE8-8C7D-1EDD00D22498', '2005-01-18', N'Рябченко Леля'),
	('643B15E8-B083-4DDB-A060-8446D1493B51', '3D4E5F82-4D89-4620-8023-9E90473B8C2D', '2006-02-27', N'Науменко Жадан'),
	('FC440F87-4320-4F85-BB2C-4075F14ED755', '48F0708A-11D4-4648-9AC7-12A1FFF5E1E7', '2006-03-27', N'Мицик Чеслава'),
	('AFDE137C-546B-493B-9353-52715D764814', '6D2A6A6A-488E-488B-8D2F-C77F1B3416A3', '2007-05-24', N'Щуренко Голубко'),
	('B5DF7F42-CB51-4F23-AFC9-2F9A1F82DB87', '1EA7D698-924B-47DF-B574-88F4F71306E6', '2007-09-13', N'Фещак Осипа'),
	('CB072571-1053-4F0E-AE39-8088E14F92AF', '50CAAD3A-5055-4B94-90CE-72886CC9D5B0', '1972-12-13', N'Шкурган Пантелеймон'),
	('87329E18-3D28-4A3D-A141-74C9FB8705EC', '4E96D0A1-2BA9-411A-AFD7-27BCEB862C93', '1973-03-28', N'Стельмащук Васса'),
	('4E236C70-B672-4E11-8F5B-87093E82B29E', 'FB1286A8-2D7F-436B-BEE1-8FADAAAF104B', '1973-07-05', N'Іваненко Єва'),
	('CD95EDCD-0319-424B-A3CE-27D97F90CFB3', 'C6D1EE0E-CB5B-4B13-96A9-F87714A27C2A', '1975-03-11', N'Височан Орина'),
	('8DFAB2E7-D100-4E53-B94C-E2BBBC363673', '8CEF13DC-8CCD-4EF9-AC39-3B1F4860A2E5', '1978-08-02', N'Онофрійчук Никодим'),
	('CC8DD042-362E-4D5F-9A1A-FCA88C9932B9', '931DFB69-EDFA-4FE8-8C7D-1EDD00D22498', '1981-11-03', N'Запорожець Радослав'),
	('FE24A19A-F393-4F75-8B0D-A407BA89691D', '3D4E5F82-4D89-4620-8023-9E90473B8C2D', '1982-03-05', N'Цимбалюк Шерлок'),
	('C15801BB-08C1-4DBB-9DC9-E37DCFD7F462', '48F0708A-11D4-4648-9AC7-12A1FFF5E1E7', '1982-10-05', N'Їжак Гордислав'),
	('F799D7C6-4AB5-4243-AF1F-E56E0564DED3', '6D2A6A6A-488E-488B-8D2F-C77F1B3416A3', '1982-11-08', N'Синько Федір'),
	('E9A1C852-AFFD-4742-9542-958B8975B527', '1EA7D698-924B-47DF-B574-88F4F71306E6', '1984-11-26', N'Їжак Хотибор'),
	('4E340E5B-6071-42E8-A748-1E758D1677CA', '50CAAD3A-5055-4B94-90CE-72886CC9D5B0', '1985-04-15', N'Ящуржинська Дзвенимира'),
	('063D68AB-FC23-4600-AD80-504E1EF8B0D5', '4E96D0A1-2BA9-411A-AFD7-27BCEB862C93', '1987-07-14', N'Завітневич Йосипа'),
	('2BBAFEF0-3367-4561-95C9-FF789318CC23', 'FB1286A8-2D7F-436B-BEE1-8FADAAAF104B', '1987-08-13', N'Юденко Інга'),
	('A060D3E8-6156-4A6A-9826-B15DA3EC2854', 'C6D1EE0E-CB5B-4B13-96A9-F87714A27C2A', '1988-11-10', N'Підопригора Зорян'),
	('FC384F1A-5BED-4A5E-B677-78AA9FBBC673', '8CEF13DC-8CCD-4EF9-AC39-3B1F4860A2E5', '1990-08-09', N'Савойка Цецілія'),
	('A620A4F3-41FC-4409-9DF4-71129755BB6A', '931DFB69-EDFA-4FE8-8C7D-1EDD00D22498', '1992-04-06', N'Кушнір Борис'),
	('0F267240-D301-4584-96B9-45E336D8007E', '3D4E5F82-4D89-4620-8023-9E90473B8C2D', '1992-07-06', N'Ковчі Любомисл'),
	('0D0858E7-0A8E-49E1-80AC-EAF9ABCFE1C8', '48F0708A-11D4-4648-9AC7-12A1FFF5E1E7', '1992-09-17', N'Бусленко Йосифата'),
	('B483817A-69D4-4C3A-B4A7-5B081E4D0DE5', '6D2A6A6A-488E-488B-8D2F-C77F1B3416A3', '1995-09-12', N'Іщак Фотинія'),
	('B8D62476-D71F-451B-B0D3-30DF11213F3D', '1EA7D698-924B-47DF-B574-88F4F71306E6', '1996-08-20', N'Деряжний Щавелина'),
	('CCA1BCA0-3346-48E6-97A0-D6BE43372072', '50CAAD3A-5055-4B94-90CE-72886CC9D5B0', '2000-06-29', N'Хаварівська Карина'),
	('0F2E1978-F9E7-4A94-82ED-446724BB9A4B', '4E96D0A1-2BA9-411A-AFD7-27BCEB862C93', '2001-10-31', N'Любович Еммануїл'),
	('DFFDF291-C6D6-4AF2-93B2-F452531C5F95', 'FB1286A8-2D7F-436B-BEE1-8FADAAAF104B', '2002-01-02', N'Безсмертний Євгеній'),
	('8D68BC4C-7BF8-40FE-9A81-E04B3D91497B', 'C6D1EE0E-CB5B-4B13-96A9-F87714A27C2A', '2003-11-05', N'Пилипишин Щастибог'),
	('53CAE081-7AB0-4761-A4DA-5A6D21496D04', '8CEF13DC-8CCD-4EF9-AC39-3B1F4860A2E5', '2008-01-23', N'Лобай Цецілія'),
	('6128B1BB-018A-4C51-B410-06657B786FAC', '931DFB69-EDFA-4FE8-8C7D-1EDD00D22498', '1972-09-21', N'Єщенко Уляна'),
	('C009988A-470A-4503-9321-068E66557AC1', '3D4E5F82-4D89-4620-8023-9E90473B8C2D', '1973-03-13', N'Худенко Іларія'),
	('74025549-7F8C-459D-B748-399663B8EFB9', '48F0708A-11D4-4648-9AC7-12A1FFF5E1E7', '1973-04-04', N'Ілінський Оримир'),
	('A034F7DB-026E-4389-ADB8-9985EF337703', '6D2A6A6A-488E-488B-8D2F-C77F1B3416A3', '1973-07-11', N'Трух Іоанн'),
	('A865AFFE-EFC9-4419-9954-2DB7B1191DBD', '1EA7D698-924B-47DF-B574-88F4F71306E6', '1978-01-04', N'Кулинич Жадана'),
	('9B3DC264-8993-44A2-AC94-5DF4D2F4AE51', '50CAAD3A-5055-4B94-90CE-72886CC9D5B0', '1979-01-08', N'Чекман Вишеслав'),
	('CD711A28-3821-4482-B2F5-4DE761371B6C', '4E96D0A1-2BA9-411A-AFD7-27BCEB862C93', '1980-09-01', N'Щерба Жадан'),
	('8A6C2DAE-5F0E-4A09-9D12-14EACAA5A33D', 'FB1286A8-2D7F-436B-BEE1-8FADAAAF104B', '1985-01-08', N'Їжакевич Оріяна'),
	('06782FCF-2C8C-4235-AEEB-19F11D0758F0', 'C6D1EE0E-CB5B-4B13-96A9-F87714A27C2A', '1985-05-23', N'Досенко Барбара'),
	('BC9C0806-F852-4AAE-8481-0E49B145EA11', '8CEF13DC-8CCD-4EF9-AC39-3B1F4860A2E5', '1986-05-16', N'Мусієнко Яромира'),
	('47CE489F-4ED5-433E-9205-390BC5D5CAFE', '931DFB69-EDFA-4FE8-8C7D-1EDD00D22498', '1986-10-28', N'Щорс Шушана'),
	('DF451DAF-A4A5-4655-82A1-73407874A076', '3D4E5F82-4D89-4620-8023-9E90473B8C2D', '1990-11-20', N'Панасюк Йомер'),
	('066744B5-DAC1-4F37-BFCF-8C6F25D3A496', '48F0708A-11D4-4648-9AC7-12A1FFF5E1E7', '1993-08-10', N'Криштопович Еміль'),
	('306FD89D-E0F0-42BB-ADDD-D3ABBFB1EAC6', '6D2A6A6A-488E-488B-8D2F-C77F1B3416A3', '1994-02-11', N'Блажевська Шушана'),
	('96FB6838-6208-4C31-A77F-BD11FC06EB1C', '1EA7D698-924B-47DF-B574-88F4F71306E6', '1994-12-23', N'Гринішак Шанетта'),
	('978DC6F9-70EE-49D8-96BC-37E79E52A3C2', '50CAAD3A-5055-4B94-90CE-72886CC9D5B0', '1995-01-25', N'Іванців Роксолан'),
	('B7A9F3F1-DB7C-42E8-AC0A-49C8EA04F5C1', '3D4E5F82-4D89-4620-8023-9E90473B8C2D', '1995-04-19', N'Їжак Цецілія'),
	('1EF0F1FA-6624-45D9-9DCD-28204BD8C996', '48F0708A-11D4-4648-9AC7-12A1FFF5E1E7', '1996-06-12', N'Куликовська Елла'),
	('A3CDA1E5-647D-44B9-A6AC-6AEF43B4CDA9', '6D2A6A6A-488E-488B-8D2F-C77F1B3416A3', '1996-12-31', N'Тишик Едуард'),
	('B6D219E2-A832-4720-8443-FFF68D5FB805', '1EA7D698-924B-47DF-B574-88F4F71306E6', '1998-12-30', N'Губ`як Шарлота'),
	('FC32E420-0AA5-490A-8E2B-A2978208595E', '50CAAD3A-5055-4B94-90CE-72886CC9D5B0', '1999-12-08', N'Семеніхін Лаврін'),
	('3178AF87-E786-4138-AD91-B74EDD3ACF48', '3D4E5F82-4D89-4620-8023-9E90473B8C2D', '2001-02-16', N'Цимбал Дана'),
	('3DF43FF3-9A36-423F-93E4-FDFB9490CAF1', '48F0708A-11D4-4648-9AC7-12A1FFF5E1E7', '2002-02-18', N'Щаслива Альбертина'),
	('A4EDD7C8-155F-478D-B4F8-2512E2565491', '6D2A6A6A-488E-488B-8D2F-C77F1B3416A3', '2002-11-01', N'Філіпчук Харитя'),
	('23EEB88A-8851-48F0-BB30-A9889A3F7471', '3D4E5F82-4D89-4620-8023-9E90473B8C2D', '2003-02-10', N'Воєвода Іоанн'),
	('EB5BC95F-B3F8-49F8-9CFF-C6D169A52E48', '48F0708A-11D4-4648-9AC7-12A1FFF5E1E7', '1970-11-25', N'Устимович Пребислав'),
	('236DBC89-E48A-4748-A7C5-CF42F37CC016', '6D2A6A6A-488E-488B-8D2F-C77F1B3416A3', '1971-04-23', N'Євецька Цецілія'),
	('DEF23115-C759-4495-AEF5-048BD4B68F67', '48F0708A-11D4-4648-9AC7-12A1FFF5E1E7', '1972-08-10', N'Ерстенюк Йосип'),
	('67CCACF8-B71C-4C37-8CB0-30CDEFC7FBD9', '6D2A6A6A-488E-488B-8D2F-C77F1B3416A3', '1975-05-20', N'Тімченко Шерлок'),
	('8999366A-B868-4A84-A934-ED60B694B189', '48F0708A-11D4-4648-9AC7-12A1FFF5E1E7', '1977-02-22', N'Омельчук Остромов'),
	('548BF6CA-C0F0-418A-B360-09C29AE6B113', '6D2A6A6A-488E-488B-8D2F-C77F1B3416A3', '1979-01-02', N'Жданович Радомир'),
	('E6E8D542-EEF1-409D-AADB-8F36B4A80F7A', '6D2A6A6A-488E-488B-8D2F-C77F1B3416A3', '1980-04-07', N'Їжак Чесмил'),
	('D4CC884C-CBC8-466C-9E85-DC5F74FDAF99', '6D2A6A6A-488E-488B-8D2F-C77F1B3416A3', '1983-02-23', N'Олешко Адріан'),
	('45632874-BEB7-401D-B92A-2721DF4E8FA8', '3D4E5F82-4D89-4620-8023-9E90473B8C2D', '1983-09-06', N'Ніколайчук Ус'),
	('BD23DE9D-8A4E-4849-8796-39CEF4A980F5', '48F0708A-11D4-4648-9AC7-12A1FFF5E1E7', '1984-04-16', N'Горох Хриса'),
	('435F76BA-3157-4472-9F5C-360334C3D9A0', '6D2A6A6A-488E-488B-8D2F-C77F1B3416A3', '1984-09-07', N'Хомич Златоус'),
	('F9A700D0-7BE2-4241-A187-4A1ACB737433', '1EA7D698-924B-47DF-B574-88F4F71306E6', '1985-09-04', N'Їжак Земислав'),
	('0F5E73D3-83BD-4354-93E2-1DB6854F4518', '50CAAD3A-5055-4B94-90CE-72886CC9D5B0', '1988-12-14', N'Верхратський Цвітан'),
	('35815E16-769B-430B-8C64-CA7F2B23189C', '4E96D0A1-2BA9-411A-AFD7-27BCEB862C93', '1992-07-30', N'Гриб Русан'),
	('EB540332-9D36-49ED-85B5-DEED6930DF58', 'FB1286A8-2D7F-436B-BEE1-8FADAAAF104B', '1992-09-24', N'Манило Юдихва'),
	('04D0AC0B-86CE-4321-AE43-A4C58556629F', 'C6D1EE0E-CB5B-4B13-96A9-F87714A27C2A', '1996-09-12', N'Данькевич Будислав'),
	('3687FF73-37C2-4567-B5FA-4BFE4EE7FADD', '8CEF13DC-8CCD-4EF9-AC39-3B1F4860A2E5', '1997-10-16', N'Гуляницька Чеслава'),
	('9E1AC0EE-C2B5-4302-9840-0F94E598AAD1', '931DFB69-EDFA-4FE8-8C7D-1EDD00D22498', '1997-11-04', N'Каніщенко Еммануїл'),
	('2B3AFAAC-B3B2-4EAB-9CFF-2064D51D8769', '3D4E5F82-4D89-4620-8023-9E90473B8C2D', '1998-09-21', N'Янчик Еріка'),
	('863D17E9-D16B-46D0-A69E-D12E1447A706', '48F0708A-11D4-4648-9AC7-12A1FFF5E1E7', '1999-06-11', N'Онищук Медомир'),
	('DE3BC158-4A16-4B4C-A74B-06B8522AC00B', '6D2A6A6A-488E-488B-8D2F-C77F1B3416A3', '2000-11-08', N'Андрейчук Родан'),
	('D98116E4-BF64-48FD-866B-85CEA4D0C793', '1EA7D698-924B-47DF-B574-88F4F71306E6', '2000-11-23', N'Циба Горпина'),
	('6B2D88B4-7FDC-4EDE-BB51-7658E7CA910F', '50CAAD3A-5055-4B94-90CE-72886CC9D5B0', '2002-11-28', N'Журавленко Жозефіна'),
	('7551321A-09A6-4E5E-8D83-599FA4907C8A', '4E96D0A1-2BA9-411A-AFD7-27BCEB862C93', '2005-07-28', N'Юцевич Сологуба'),
	('4A7174CE-7B95-4260-BC8C-B5E3CC028073', 'FB1286A8-2D7F-436B-BEE1-8FADAAAF104B', '2008-04-09', N'Савчак Сарра');


INSERT INTO Products(Id, Price, Name) VALUES 
	('824C3734-EEDE-4BAF-8CA4-2D2C9FC5C5C1', 3000.00, N'Ноутбук 14” Toshiba L745 Intel Core i3-2310M 2,1Ghz/ 3Gb / 320Gb / батарея не держит, пропадает звук' ),
	('7AE7D140-A3A6-4C9D-9480-0C2438310E98', 3500.00, N'Системний блок A4-6300 2 ядра FM2 Gigabyte GA-F2A68HM-S1    6Gb DDR3/ 500Gb /2xUSB3.0/VGA' ),
	('5711E692-776B-438B-9CFC-D17614A26B28', 6000.00, N'Системний блок Pentium G5400  3,7Ghz  ( 2 ядра 4 потока) / S1151 Asrock H310CM-DVS / 8Gb DDR4 / SSD 120Gb / VGA+DVI/ 2xUSB3.0' ),
	('617F37C2-BCBB-4019-866E-14BE2018F088', 600.00 , N'Системний блок Sempron 2300 DualCore 1,6Ghz / 3Gb / 80Gb' ),
	('FBB24D1D-A814-4FA3-9751-0A2AEF3FADC0', 4000.00, N'Системний блок Xeon X5450 / Biostar G41D3 / 8Gb / SSD 120 / frontier 400' ),
	('95979092-FA5A-4A98-B82C-5790401DED37', 200.00,  N'HDD SATA 160Gb' ),
	('A0EFC3A1-0CE2-4947-9707-10466DF5BCB4', 850.00,  N'HDD SATA 1Tb' ),
	('1EEA0854-748F-47F2-A642-3A97B5D7AE3B', 300.00,  N'HDD SATA 250Gb' ),
	('D996252C-2089-442C-9061-E08026366919', 400.00,  N'HDD SATA 500Gb ' ),
	('14F8629F-871F-44D7-9986-1C3AB1D17B24', 600.00 , N'SSD 120Gb Foxconn Foxline X5' ),
	('B16720BF-350F-43AE-8295-D75C25D8620B', 600.00 , N'SSD 120Gb Smartbuy ' ),
	('DFDE8028-359C-445F-9C38-D5B0640614D1', 650.00,  N'SSD mSATA 128Gb' ),
	('5D325160-1DE8-4A13-8B2C-4FABD1A9A5D1', 200.00,  N'Адаптер (Optibay) 2.5 SATA-SATA, 12,7 мм ' ),
	('01321943-1E98-43E3-A905-7BAB66774C6F', 200.00,  N'Адаптер (Optibay) 2.5 SATA-SATA, 9,5 мм ' ),
	('FC184C40-21BF-495E-B425-B4A3C1243217', 250.00,  N'Адаптер переходник USB 3.0 To SATA  для жорсткого диска 2,5”' ),
	('05D0FB39-6374-4499-9BB9-58CCFAEC0F8D', 300.00,  N'HDD Для ноутбука SATA 160Gb' ),
	('871E77BD-50C1-4FE2-8189-2D3E42E557B1', 200.00,  N'Карман 2,5” USB IDE підтримка до 1Тб' ),
	('F7E21F11-4895-4841-9784-89956131C551', 200.00, N'Блок живлення 300Вт в асортименті' ),
	('45ED5008-1FE5-49D0-8F74-D66A05193A2F', 200.00, N'Блок живлення 330Вт SVEN' ),
	('37ACE814-896E-446A-A313-5DBF78A32A93', 250.00, N'Блок живлення 350Вт в асортименті' ),
	('6D0C41C3-4825-4F63-935F-627DE65DCF93', 300.00, N'Блок живлення 350Вт пікова 400Вт FSP  в асортименті' ),
	('240F866E-E5EA-4C8C-89BF-C91ADB0892E1', 300.00, N'Блок живлення 360Вт Microlab ' ),
	('5E600AF9-462E-486A-88F2-ACF64E2205EC', 300.00, N'Блок живлення 380W CoolerMaster кулер 8см' ),
	('A75B3F00-7E80-434F-ABA1-33A20B2F422E', 400.00, N'Блок живлення 390Вт CoolerMaster RS-390-PMSR-A3' ),
	('005035C9-81FF-4FE8-8FE3-521F1F5D41B0', 400.00, N'Блок живлення 400Вт FSP ATX-400PNR' ),
	('9E880C16-5DC5-40D9-A9C6-6DDAC2FF2322', 650.00, N'Блок живлення 400Вт FSP ATX-400PNR PRO ' ),
	('D2EA8A67-3476-473A-B219-EC792C4C3138', 400.00, N'Блок живлення 400Вт Griffon CPU 4pin + GPU 6pin' ),
	('C10B8321-014C-416F-9139-2FEB953D9E82', 300.00, N'Блок живлення 400Вт Vinga б/в' ),
	('3FE71809-4B33-40A4-AA97-15F4B3AD374A', 400.00, N'Блок живлення 400Вт VINGA новые VPS-400-12    VPS-400-120' ),
	('F0A0CF69-E963-4E06-B676-18C9F17E870C', 300.00, N'Блок живлення 400Вт в асортименті' ),
	('5965201D-077C-458B-81AF-F2FA71BBBD2E', 400.00, N'Блок живлення 450Вт Delux' ),
	('91DD91A0-2998-428B-9400-44A0FC7B1984', 400.00, N'Блок живлення 450Вт DeTech ' ),
	('6464CC39-A825-4A72-B799-F00085FA9D90', 90.00, N'Блок живлення БП 5В 0,6А ' ),
	('10CC39DA-7C0C-45D2-8EF6-0F0DEE6137E2', 250.00, N'Блок живлення БП 5В 4А' ),
	('759FDFBD-349D-4AB2-8889-8D39658F9561', 120.00, N'Блок живлення БП 9В 0,85А' ),
	('A6C7AFBA-220A-4C77-B94F-5DFE3F86BBF9', 300.00, N'Блок живлення HP 19,5V  2,05А 40Вт  7.4*5.0-PIN ' ),
	('FB73719E-D763-4D16-B7CA-5EBADFFEBB82', 300.00, N'Блок живлення HP 19V, 2.31A, 4.5*3.0-PIN + силовий кабель  ' ),
	('529DB51D-6658-4877-A224-4136BB892A59', 300.00, N'Блок живлення HP 19V, 4.74A, 90W, 4.5*3.0-PIN + силовий кабель  ' ),
	('1A91820A-5ED9-45D4-A172-2D209FECF9D8', 300.00, N'Блок живлення HP 90W 19V 4.74A 4.8x1.7 ' ),
	('1A52F384-5FE0-48E3-B420-45DE614D1547', 300.00, N'Блок живлення Lenovo 20V  2.25A  USB pin + силовий кабель ' ),
	('D9F0B9FD-C733-489C-A882-907A605DFDC7', 300.00, N'Блок живлення Lenovo 20V, 3.25A,65W, 7.9*5.5мм, 3 hole, with pin inside  ' ),
	('EF3B3658-9FB9-4940-8C02-1E27B54B706A', 550.00, N'Блок живлення Acer 65W 19V 3.42A 5.5x1.7 + силовий кабель  ' ),
	('DA4FB2B2-D62A-4834-98A3-5D91877CBB70', 550.00, N'Блок живлення Asus 33W(19V/1.75A) ASUS special USB' ),
	('FBA42151-57D5-47EE-BD9C-A3E17E4A478B', 550.00, N'Блок живлення Asus 45W 19V 2.37A 4.0x1.35 + силовий кабель' ),
	('2B13F4C9-8587-4C55-A754-B7C55D685ACB', 550.00, N'Блок живлення Asus 65W 19V 3.42A 4.0x1.35 + силовий кабель ' ),
	('7B2C4294-DED8-4FBB-BCC8-70574824FC30', 550.00, N'Блок живлення Asus 65W 19V 3.42A 5.5x2.5 + силовий кабель  ' ),
	('D97F46E4-D6DF-467A-8739-1C5FB721C48F', 550.00, N'Блок живлення DELL 19.5V, 3.34A, 65W, 7.4*5.0-PIN   ' ),
	('FB2C9434-15B2-4CBA-98EE-828F1FE93442', 650.00, N'Веб-камера A4Tech PK-950H  Full HD (1080p)' ),
	('93ED11A2-CA8B-4692-9C8E-1F3D349C9494', 500.00, N'Веб-камера Logitech C170' ),
	('8ECFBDC3-F513-4540-9FB7-9775D4D1D887', 600.00, N'Веб-камера Microsoft Web cam vx-800 ' ),
	('25FBA7A0-4691-4814-8F9A-0D7F8928416E', 300.00, N'Веб-камера 2МП с мікрофоном' ),
	('C80586EA-A163-45E5-8575-9E68AE3101E8', 1500.00, N'Відеокарта 1Gb GeForce GT210 Asus DDR3 64bit ' ),
	('C1423EA9-9995-42D4-AE24-E000B8CEC72A', 2400.00, N'Відеокарта 2Gb GeForce GT710 Palit DDR3 64bit ' ),
	('92B3EA18-61FC-4E13-9312-E7A89F89A209', 750.00, N'Відеокарта AMD Radeon HD 8490 1gb PCI-Ex DDR3 64bit (DVI + DP)' ),
	('E36556F3-F9E8-4374-A3E4-7FA39D27AF1A', 150.00, N'OTG TypeC' ),
	('2CE21D4D-CC04-4A6F-AE0C-FF96F454D1C2', 50.00, N'БЖ 5В 1А  б/в' ),
	('0B18A7FF-F156-4051-8AC9-A488E7EA707B', 270.00, N'Зарядний пристрій HOCO C12  2xUSB 2,4A' ),
	('24BE3976-DD68-4F3F-BF5C-D667AB9BA258', 200.00, N'Зарядний пристрій BORASCO для Xiaomi Mi Band 5' ),
	('9B49289F-A7B2-4425-AE32-A03578239FC5', 300.00, N'Зарядний пристрій, кабель для смарт-годинників Amazfit GTS 2e/ Amazfit GTS 2 mini/ Amazfit GTR 2e' ),
	('3D2B217B-9960-41EA-96E5-03890D906C0F', 120.00, N'Кабель HOCO X1 Rapid для Type-C , білий  ' ),
	('95EAB3EB-0C23-4F42-9802-58997B031392', 100.00, N'Кабель Hoco X35 Premium Charging для Type-C , чорний , 0.25м' ),
	('99B7E98A-A6AF-4690-9BE6-43E6230B6877', 110.00, N'Кабель microUSB HOCO x13 2,4A 100cm' ),
	('5FD77645-66F7-4D04-9B0A-F54FD8DCABD3', 40.00, N'Кабель microUSB бу' ),
	('27E028E2-5281-40E9-BF37-754E5B3FB550', 100.00, N'Кабель TypeC — 3,5” ' ),
	('6B85E4CE-5C91-421F-B86E-0FC767E74BB8', 140.00, N'Кабель для Iphone HOCO x26 2,4A 100cm' ),
	('2F2A0DF0-F682-40AC-8CC3-592518598B3D', 550.00, N'Клавіатура GamePro GK670 ігрова з підсвіткою' ),
	('FC829C60-33FF-4995-8999-5830BD2E92EB', 200.00, N'Клавіатура PS/2 Defender HB-520' ),
	('93E80484-4ABF-4402-8BC1-5CF52D1EEA95', 250.00, N'Клавіатура PS2 Gembird KB-103-UA' ),
	('320EF1F2-BE7D-41B0-8F05-D6BA4CC04E6F', 280.00, N'Клавіатура USB Gembird MCH-04-UA' ),
	('73732DA8-2A1E-4C93-8430-4938A06086D6', 280.00, N'Клавіатура USB KB-8320U Gembird' ),
	('E1815889-CEF3-4823-99E2-ACEC4457A8B4', 100.00, N'Клавиатура цифровая Genius GK-060022/U (бу)' ),
	('4892FC19-80FF-41FF-BEEB-086240BC1B31', 180.00, N'Миша USB Esperanza EM102K' ),
	('B892BDCF-4919-4C6B-9C97-1BE7F786C4B5', 180.00, N'Миша USB Gembird KB-U-103-UA' ),
	('98E4A805-089A-4E93-BC98-ABFEF5A6D0DA', 300.00, N'Миша USB Havit HV-MS672 ігрова' ),
	('8283947D-63E4-4B63-968A-1DAEA45E2EFC', 300.00, N'Миша USB Havit HV-MS858GT бездротова' ),
	('969154EC-206A-4E39-80F6-FB3BD5B7AEFA', 250.00, N'Миша USB KAPPA Speedlink' ),
	('DC5698A0-3EF6-48D1-8EDA-1BDD3B0B4DC0', 250.00, N'Миша бездротова Maxter mr-337 ' ),
	('E690477E-A48F-4E88-BF6C-60E8CDC99B05', 300.00, N'Миша бездротова Maxxter біла Mr-333-W' ),
	('B285E083-BE43-4852-AB4E-870D0A5218CD', 300.00, N'Миша бездротова Meetion MT-R545 чорна' ),
	('37E0E876-DE2E-4187-B804-941A25FB9E06', 350.00, N'Миша бездротова REAL-EL RM-304 чорна' ),
	('3E922CF1-F068-4E1C-BC22-D2F9CB56086E', 400.00, N'Миша бездротова SVEN RX-270W чорна' ),
	('14E645CA-7559-4EEC-A574-6AE985BF620C', 300.00, N'Монітор 15” NEC 500p   VGA' ),
	('3E1B052D-BF9E-4C31-B7FB-3FB4FB13BC26', 500.00, N'Монітор 17” ViewSonic VA703b  VGA' ),
	('8E866909-1C8B-4AA6-8B0A-5DF802E9D0A4', 1500.00, N'Монітор 19” LG L1900R-BF  DVI + зовнішній БЖ' ),
	('4B541626-F61D-484B-86FF-D93C095C01F8', 1200.00, N'Монітор 20” Asus VH203    VGA   1600x900' ),
	('F3475CD9-218E-4B16-A565-5733EAABA8DD', 1450.00, N'Монітор 20” Samsung 2043nw   VGA  1680x1050' ),
	('AD8BAE68-A367-4442-8FBB-98C6A6B6E00D', 1600.00, N'Монітор 22” Acer V226HQL VGA DVI    1920 x 1080' ),
	('0B87DB13-88E2-4EC4-9BCC-C060B7C71761', 1600.00, N'Монітор 22” Asus VS228 VGA DVI 1920x1080 LED ' ),
	('861074E9-B12D-4C9E-8313-61D9D024B92A', 1500.00, N'Монітор 22” LG 22EN33S  VGA 1920 x 1080' ),
	('25A87FC2-435C-4DC9-8088-0CF2FA324AEA', 1500.00, N'Монітор 22” LG W2243S VGA  1920 x 1080' ),
	('FE4E89B7-27E6-4C36-B1FA-99B0C975D5F5', 1500.00, N'Монітор 22” LG W2253TQ VGA + DVI  1920 x 1080' ),
	('A47C6020-C03D-4323-8B05-91C8C2F8F775', 300.00, N'Монітор Lg 12v 2a' ),
	('5570F8DC-C4E5-46AE-816B-7E28741E4F93', 150.00, N'RAM DDR2 1Gb  в асортименті  ' ),
	('C88E1F15-8400-4FC4-9D4E-103A4F72E5BA', 200.00, N'RAM DDR2 2Gb  в асортименті  ' ),
	('F5DF2C81-DF25-41E3-A9E6-5FAF2257B4BF', 300.00, N'RAM DDR2 4Gb  для AMD ' ),
	('BE66C0F2-B4FA-494D-9A2B-39AC53DBEB0F', 250.00, N'RAM DDR3 1Gb  ' ),
	('DAEAA256-7EE6-4480-B4B7-819D7146468D', 150.00, N'RAM DDR3 2Gb в асортименті  ' ),
	('C67C96A8-680B-405B-A831-12E7DFF972A0', 400.00, N'RAM DDR3 4Gb HyperX Beast 1600Mhz' ),
	('42EAE1F1-2B49-4D76-A012-7A5BBD17A2F9', 400.00, N'RAM DDR3 4Gb Kingston' ),
	('4EB49873-9B7C-4B5E-92A9-2F2B3F46FEC4', 350.00, N'RAM DDR3 4Gb в асортименті' ),
	('DFD594DB-4E47-4EA3-A572-70F9E85F2126', 300.00, N'RAM DDR3 4Gb серверна' ),
	('DF26EE3E-3DB4-45E8-83E4-17C8975785A7', 800.00, N'RAM DDR3 8Gb ' ),
	('F1D0F7D8-0D43-426D-86FC-D1A9465AB27B', 800.00, N'RAM DDR3 8Gb  Kingston 1600Mhz' ),
	('B9ED29BD-629A-4BC0-A39D-AC31E6506B36', 550.00, N'RAM DDR4 4Gb  ' ),
	('5C6036D6-EFA4-4185-985F-97433B86C393', 150.00, N'RAM Для ноутбука DDR2 1Gb' ),
	('46F1DF2E-774B-4F32-B18D-CAC21EF47AF3', 250.00, N'RAM Для ноутбука DDR2 2Gb в асортименті' ),
	('48039DBF-7A7F-4E34-87F6-38388F253468', 30.00,  N'RAM Для ноутбука DDR3  1Gb' ),
	('34C4DF70-437D-47FE-A1F6-EB6B44B16204', 200.00, N'RAM Для ноутбука DDR3  2Gb в асортименті  ' ),
	('34D79214-9BBB-4057-A306-A9020DEB9100', 400.00, N'RAM Для ноутбука DDR3  4Gb  в асортименті  ' ),
	('D2BF51B7-AC9B-42CC-B11E-9684936F0D30', 700.00, N'RAM Для ноутбука DDR3  8Gb' ),
	('51467A14-C2C4-40E5-A27A-0F800885F12D', 250.00, N'RAM Для ноутбука DDR3L  2Gb в асортименті  ' ),
	('97918223-B624-43B7-A6EC-D56FBEC9C576', 400.00, N'RAM Для ноутбука DDR3L  4Gb  в асортименті  ' ),
	('089B024C-B9B4-4BD7-B613-E124AC43204B', 150.00, N'RAM Для ноутбука DDR4  2Gb  2400' ),
	('AC732262-B2A1-47B3-96C1-57B4BE0443FA', 500.00, N'RAM Для ноутбука DDR4  4Gb  в асортименті  ' );
